x,y,z,OUT=sin(x)+3y+5z
6.181584756,8.78086846,4.756557753,50.0239683
4.928043796,6.388488884,9.058682008,63.48204021
12.27819696,5.45762649,10.07697195,66.47353756
4.110538173,5.284678655,0.811539222,19.08744292
5.948163447,8.54440457,12.82294906,89.41916918
5.564028093,7.725669777,3.346786624,39.25219163
11.4326051,6.507700335,10.70899294,72.16205331
8.98824624,6.519503905,4.961196398,44.78729269
9.304433848,9.770344035,12.91287648,93.99546835
7.843437788,4.822758405,2.249395842,26.71519884
10.22656197,5.611984135,1.665538631,24.44504768
13.46565202,10.25113597,8.01510149,71.61179538
11.38011862,11.47576806,13.04332781,98.71697375
10.71544663,9.153910426,6.062416842,56.81279534
14.48028461,8.565253296,6.450307787,58.88900921
10.21839871,6.983770709,2.934145825,34.90914419
12.37737447,5.026646981,3.831351317,34.04882452
2.638846003,7.047621511,5.066454528,46.95697131
8.831804397,3.776719555,7.006221845,46.9200973
6.687754084,6.533443677,13.2331022,86.15946444
5.657753057,6.964637525,5.203642786,46.32667875
12.84673478,5.863581265,8.086371794,58.29930838
10.42442993,8.302893436,7.625900591,62.19690037
9.877382798,5.542233635,12.44724472,78.42561491
8.613073813,10.33213376,8.697201681,75.20787081
13.35350997,6.40406262,3.03104085,35.07572903
8.310977032,9.102181208,10.51265778,80.76721486
5.888360684,7.484582692,0.816750912,26.15285632
8.012822601,6.014734547,10.30645,70.5638649
7.443934332,5.900262943,0.890569705,23.07073932
10.92628265,2.713848966,8.680805212,50.54797266
11.16456516,8.823997446,9.184925007,71.41086238
3.332427533,6.625943593,9.609861867,67.73746143
9.542438613,12.0504314,14.29115137,107.4896617
4.400534792,7.507323604,7.210660217,57.6235056
8.091810933,9.522192688,12.94576095,94.26723446
7.216666551,12.32385423,4.82315215,61.89101972
13.77505055,3.259156623,8.702669964,54.22596887
15.04650077,10.69629019,12.86769943,97.04163925
6.016315508,9.818855742,14.15572336,99.97147066
9.341079365,6.438943987,8.899426061,63.89756317
13.2761288,9.907280549,7.516261086,67.95479745
8.952992815,5.740986125,12.33656982,79.36028462
12.68339705,8.888895769,10.76900219,80.62845778
11.54673656,5.310856558,2.026344683,25.21237665
9.842049911,6.40015157,12.18778397,79.73410656
2.953014707,1.20935151,7.064260477,39.13681916
9.288706078,9.656408019,9.194453131,75.07714207
7.112622585,10.57972313,4.138242878,53.16793526
8.804330069,12.82078879,7.930217503,78.6948535
12.96963738,6.845783229,5.055621115,46.20788041
10.18951526,9.729950556,4.008592092,48.54046466
12.58115815,3.603279657,14.71585726,84.40391228
7.149093055,6.768440414,0.160676493,21.87038746
7.297736173,9.303439018,0.558430409,31.55171259
11.05355638,3.035839619,0.494157376,10.57998623
3.515083508,5.999762743,8.108179258,58.17531668
1.796417687,12.25422753,8.664902146,81.06184862
7.11338739,11.92301296,7.38665403,73.44037677
7.087742969,7.865618649,5.440968313,51.5222215
7.216229347,9.200104072,2.263309482,39.72029568
6.936225221,4.363857881,4.185344393,34.62589924
5.887437587,6.007929775,0.366905522,19.47281871
13.24443959,10.7030311,8.203454312,73.7536552
7.523612084,7.415896966,3.121431007,38.80076846
6.844076266,6.465793452,13.5376254,87.61744823
7.062716415,6.903672151,5.038782821,46.60787656
9.546821895,8.256729168,2.043028429,34.86358846
3.515576327,8.042780774,11.56466501,81.58634072
2.667911244,11.26759427,0.650504994,37.5114732
5.905756636,6.19201579,8.63841673,61.39959968
11.1068115,3.999997462,3.874718127,30.3797635
10.03355523,8.170404264,0.734203981,27.61036787
9.680865232,5.116876224,3.488541796,32.54004028
3.755824368,11.65326666,14.71968958,107.9819171
6.116912145,10.673992,6.616805136,64.9404936
8.790644131,4.78630392,10.16775314,65.79015744
5.183159046,4.362427681,13.90461221,81.71912481
5.565896865,7.597566764,14.12053286,92.73802093
11.95125933,8.531869509,4.433665636,47.18688729
8.574066728,8.67219172,4.195117188,47.74391072
8.029449736,9.750173184,4.185790756,51.16411826
11.10715655,1.873579753,2.774262972,18.49827297
13.12477933,7.985511305,2.045430171,34.71352207
9.62320724,8.080655519,9.652078087,72.30522732
4.233109565,9.88240602,7.140063623,64.46020873
11.66247593,6.471563716,12.83866787,82.82228857
8.130959306,13.29128628,6.501165905,73.34157466
6.432523311,5.094947144,10.62774642,68.57235707
14.78481173,9.653352558,9.019750217,74.85631569
11.20305935,1.964957406,4.172839679,25.78051853
9.424716662,3.787567032,4.122114791,31.97333635
5.837348045,9.904680713,13.8177214,98.37143568
11.13719974,12.01585376,0.584781793,37.98148238
11.33894868,11.00074494,0.143713497,32.77917832
6.790244945,5.569554249,13.74569173,85.92273033
13.79800285,2.262794158,1.13063173,13.38457423
12.43926244,11.11406352,14.3444676,104.9377624
13.68115903,5.831680471,13.71713816,86.97854984
11.46843606,7.715552012,14.83475871,96.430181
9.223071284,5.728977353,3.236741253,33.57098002
4.339446554,6.289570692,7.255301123,54.21395841
7.86034067,5.281543695,11.18900397,72.7896307
7.073017807,13.59029898,8.569790539,84.33008501
6.971163595,8.609650261,5.054629125,51.73707305
12.27662274,4.47397065,7.951545005,52.89392635
13.35196969,13.44405732,9.069789965,86.38837062
9.162774898,6.426990652,12.93980336,84.23900454
8.638419784,2.883006247,9.131443659,55.01402233
8.111429837,3.874113507,12.60543309,75.61654882
12.13456766,8.23828335,1.754033942,33.06651081
7.183410568,7.355714311,12.50657202,85.38346994
13.51600269,8.307180564,6.512313551,58.29631088
5.571261455,13.50852068,1.176237012,45.75345558
9.575346624,6.355161951,0.055281761,19.19189427
2.34849815,7.949309707,14.71687108,98.14481243
10.2979839,1.876736641,5.113213464,30.42988497
6.160540078,9.838773931,1.630272547,37.54534654
5.898949844,3.008141738,1.256430477,14.93172714
9.925170073,9.23509891,7.366799538,64.05952481
13.54821951,6.910129553,8.740513577,65.26448237
8.443127517,6.040151973,9.400457254,65.95415776
4.791492392,8.229970787,11.51027964,81.24443762
13.46455517,8.543949324,12.98469319,91.33751106
13.11922564,5.477135849,9.872361783,66.31833553
3.887414213,5.949650547,1.643139913,25.38607571
6.693054052,11.73967669,7.21569884,71.69601323
6.514972358,10.96171107,14.79395266,107.0846137
10.35020786,7.006702192,14.51055495,92.77400192
11.79341254,6.355575502,7.202291677,54.37992906
7.035529765,2.80639335,1.880902286,18.50704378
6.412235826,12.48996083,6.681489976,71.00602497
5.644956905,2.806576304,2.839123301,22.0195719
9.335420121,3.151360088,11.38992678,66.49295314
5.095460925,9.603355132,2.059454297,38.17981607
9.399164928,8.907123727,1.168417321,32.58906802
2.569186417,2.599499163,12.89204217,72.80036466
7.212170767,9.229840001,5.08268592,53.90396261
6.431620497,3.546677401,4.688498625,34.23041604
10.49731969,6.224980156,6.981712498,52.70508495
1.88087152,6.915384584,8.926014726,66.32853801
3.147549583,8.670404918,2.597150699,38.99101135
13.23260176,6.355620033,7.126042199,55.31509856
4.375790792,12.72076833,7.725224662,75.84454464
7.877238416,7.094097265,10.08097835,72.68691312
6.137946721,11.32150707,13.99359663,103.7877758
10.95583124,9.271150822,1.538055833,34.50452128
8.796430592,5.0859758,12.21061521,76.89881203
9.392896801,11.20220175,7.872394806,73.00045504
4.119351587,6.89788355,13.01971314,84.96296937
11.28779599,6.889623653,0.276864976,21.09558963
5.599219761,13.4809781,12.56269786,102.624552
4.33050501,5.900228632,2.493875991,29.24210167
10.62926863,3.639970964,8.790961257,53.94106227
5.316592048,4.565459391,0.227696202,14.01190408
7.747852645,9.872746724,7.835337784,69.7893027
5.565419563,7.081638224,12.19692287,81.5718257
12.59098912,7.766170508,14.10100009,93.828128
14.74386582,9.552104712,13.78448406,98.4002691
9.482353974,7.482753359,5.919622992,51.98883083
11.02214494,4.05440318,0.942002962,15.87357733
3.658215404,7.623712641,12.98333394,87.29386113
8.45546945,7.722363117,6.770644259,57.84480526
12.68675879,7.529121306,0.878718442,27.10105371
7.850935545,8.826150454,2.659656421,40.77672882
9.515198039,4.352925996,7.207016562,49.00356388
11.91436027,5.343859128,5.341721638,42.13339999
2.685554251,8.121367069,11.29631349,81.28606351
8.610452626,5.091327294,13.59982684,84.00037879
11.30491789,7.812583098,14.1207545,93.08898819
6.911407513,10.57118884,2.148980046,43.04617406
8.006035468,6.852476415,7.557655443,59.33416853
4.990394636,3.747962253,10.27079724,61.63626828
5.913783495,8.302829653,5.637494924,52.73490592
14.15662104,6.940063482,11.2615959,78.1279807
5.217307814,10.71875007,11.58343615,89.19821722
5.064299441,7.731672813,11.71418305,80.82721778
7.235080748,12.94393503,3.936125362,59.32694848
3.815384348,3.671142537,5.04656573,35.62230273
8.915366589,10.05464617,12.0667833,90.98551845
10.32741414,10.90633111,12.94549628,96.66151189
13.22384999,7.261879284,7.346946542,59.13149419
14.54505612,10.4530862,10.64927688,85.52360318
12.13981394,9.866582982,2.693996762,42.65599428
2.160575067,7.665379958,2.352520042,35.58980384
5.81797851,9.15409551,2.601257055,40.01996418
7.026081806,6.001388385,14.17035677,89.53237307
8.595152982,6.058492908,11.96118467,78.71908028
11.28152951,9.978177316,7.841636342,68.18332101
4.188941159,4.546662612,14.17192126,83.63349324
1.560194873,7.674274399,4.312923499,45.5873845
9.946632529,6.258832373,3.335407715,34.95504698
11.17380666,10.92984868,12.45573845,94.08407968
4.332529219,10.53634217,8.006846103,70.71454037
10.52073138,6.205244781,2.414309301,29.79791629
8.443102043,6.382066934,6.573212635,52.84369371
7.692506022,10.85053921,12.3429703,95.25346026
3.024792765,7.496365444,2.444252267,34.82689217
8.264975155,8.614298524,5.31867388,53.35298932
13.54496751,10.14843579,9.170851641,77.12928057
8.625768978,11.29703707,3.018361525,49.69958414
2.441877433,11.14218425,10.10043783,84.57274177
5.78540939,4.482770546,8.077543513,53.35855666
13.79001492,7.523724733,13.96364609,93.32975011
14.20637521,6.516611094,12.73689034,84.23189103
15.41004407,7.753598262,11.32595289,80.18409096
13.10028817,6.106571738,9.534131076,66.49928014
5.300861087,11.42676955,0.9257518,38.07727788
3.371086183,6.679573339,9.693607874,68.27927503
2.714541599,5.166917414,1.419967557,23.01477853
4.495989877,7.926561283,12.77006969,86.65335538
12.02730301,8.498952512,4.158942823,45.77823561
6.422419325,6.794680252,10.59663929,73.50602178
3.643894469,3.105998495,11.3794014,65.73355819
6.581887621,8.462686438,7.743735949,64.40101929
10.38315277,6.795250636,2.603912504,32.58705602
5.675715932,4.743938103,6.409935669,45.71070125
9.459591996,9.222036818,1.160850249,33.4355547
10.69809846,9.559768294,13.04141157,92.93028334
7.355271401,12.1600114,13.19360441,103.3262564
8.683564474,6.486137163,5.439868245,47.33293625
7.39015457,2.87299306,11.6036828,67.53174011
8.954263557,9.374190048,5.287901312,55.01542156
9.205367711,6.995927072,9.574662707,69.0787488
5.961187795,9.975177759,12.98140658,94.51610414
8.139673805,3.332697481,12.31918713,72.55349492
4.498364575,5.225719033,3.554086399,32.47040502
8.375077556,5.939720528,3.997563303,38.67425222
9.390534186,4.212227066,2.236160952,23.85172304
11.0153036,4.433677651,9.073479098,57.66862306
13.67454859,6.631531338,0.597287264,23.77591735
12.78400483,4.094536147,11.04308626,67.71495997
11.56389459,7.535685762,12.2756158,83.1423301
4.613785134,8.692469061,13.05295842,90.34705672
7.19653528,8.156451046,14.27974598,96.6596384
9.199759557,3.380022822,5.521458902,37.97048728
10.3204417,6.721863344,1.412055263,26.44524226
6.636322877,1.412049377,6.566007798,37.41203058
4.820411741,4.965515263,1.187686205,19.8408056
11.80706576,11.06035046,5.769868893,61.34197843
10.58217387,10.31178487,8.744034563,73.73976734
11.03119355,7.860776426,11.62909174,80.72842225
6.937470728,4.245105395,2.110224252,23.89502984
3.316805181,6.245402218,0.662156346,21.87267097
12.28507796,5.077956173,1.030205265,20.10729711
13.2147254,4.564624607,8.740669278,58.00109607
3.466912238,10.61365091,5.688317012,59.96292618
11.74644565,7.235428083,5.859745929,50.27391926
3.944450527,5.533595902,3.899261175,35.37774932
6.75285154,9.705765234,1.315821084,36.14898981
5.764337041,3.089223449,3.686947623,27.20652815
11.66841878,6.808109358,2.260279617,30.94367405
6.262249963,9.180847244,1.612137468,35.58229525
13.10431666,6.614365754,0.568414353,23.19754224
3.902644408,8.595886175,11.6785584,83.49076709
4.117603791,11.23761747,9.538888321,80.57902513
4.095874259,7.245431461,3.913841126,40.48960143
9.485005888,3.315098931,10.35098947,61.64005263
6.092233302,7.729839188,3.062336835,38.31140805
11.18574052,7.432890287,2.147436598,32.05388102
10.74959892,5.580019619,10.38031545,67.67173585
7.766659205,7.87094941,1.953600905,34.37704258
12.7106001,11.59646259,2.274640561,46.30632053
6.174577954,11.13745003,2.052056314,43.56423768
6.099119284,9.484674538,11.74883886,87.01518948
9.572356726,6.486079037,11.64000742,77.51123054
12.02900025,11.08621045,1.441951749,39.95651133
9.379891865,7.14272739,13.304338,87.99474319
10.89291509,8.544404739,2.818213358,38.72954584
8.681879869,3.565502317,9.222022102,57.48304269
12.36606965,8.389078294,1.988439402,34.91046761
5.276443636,5.924131767,7.942036847,56.63748516
8.163663219,7.335303984,11.70494367,81.48306097
5.732918676,8.636860467,0.646675147,28.62104262
8.037905328,5.402881586,4.503703135,39.7102941
9.758263337,6.954599212,0.285523936,21.96407895
5.394211991,10.87329996,4.524076115,54.46385532
10.22487697,10.14213342,1.397815612,36.69805325
7.354830357,3.900173937,4.604159097,35.59930644
11.05573815,5.283088965,4.447127489,37.08671364
7.521972701,8.945716765,13.68090458,96.18706263
8.001412418,1.478396654,14.31371341,76.99290879
10.18740308,12.76759937,0.289928751,39.06162
2.843817099,4.447335646,5.51422015,41.20650207
10.62151458,8.012130297,9.232829047,69.26968451
8.700150221,6.245587492,13.61080566,87.45364752
5.550212193,5.02169681,1.545006425,22.12104039
11.38122175,5.230290687,3.55960322,32.56233308
6.556209338,8.583461468,11.91962034,85.61813078
13.4257793,5.871372486,2.397537092,30.35925956
7.746585998,6.705567928,8.854557963,65.38373223
3.371381699,4.523804221,10.04303582,63.55881966
4.206488546,7.552145459,3.957713322,41.5702645
7.872663579,8.183250878,8.749915512,69.29915569
13.98174378,9.944763402,7.813393581,69.88920422
11.64374256,9.545060436,5.204074893,53.85836477
10.16092887,5.462338055,3.472119705,33.07617219
6.075030442,9.364838725,7.659070093,66.18321169
3.055265572,12.82042822,4.624456802,61.66978856
1.582706938,1.842552439,14.78505001,80.45283646
14.30434834,3.671691396,9.686737639,60.43482009
9.319207389,10.4041627,4.587238891,54.25405713
7.200181293,8.471039015,12.49664712,88.69013078
15.07321794,7.399597461,14.74387437,96.51113672
10.66645472,5.672146099,7.488889083,53.51455644
9.928677276,10.41260729,7.383547326,67.67271465
5.707443729,8.859581099,14.13576232,96.71309791
13.03515084,4.111570316,9.377140928,59.67221402
13.61883795,10.69993103,7.930359044,72.62023658
7.660041853,7.088840285,13.98051055,92.15032615
15.75705794,5.480500335,3.589959091,34.34222151
7.538901902,2.97881085,10.71420315,63.45821997
5.811178627,8.680868981,3.69399664,44.05791568
11.89047884,5.633730248,11.51052454,73.82822016
3.183751412,6.448522782,3.005936579,34.33310497
9.362503207,7.401361538,14.93564047,96.94452147
9.720833995,2.170248226,10.34704497,57.95421944
5.788798389,7.303712509,13.77433885,90.30833971
3.063125192,5.952532955,14.65287762,91.20037391
4.598154918,9.502343705,14.89451616,101.9861295
2.256853253,7.261256672,3.489139533,40.00321761
9.818768912,8.051732162,6.584375956,56.69319962
9.976246606,11.76438368,6.095792019,65.2481724
13.69851833,6.664438047,13.1917222,86.85725157
11.46387432,7.572585094,4.449658357,44.07371018
7.338402716,9.480699794,12.25169639,90.57058877
13.27073706,12.6898215,4.19326237,59.68332753
6.128791268,4.477736639,8.474662162,55.65273935
5.716793658,7.000977154,5.186698229,46.39983194
6.947686085,2.620381889,7.136402775,44.15982575
7.547243291,6.446835843,7.924349412,59.91557809
7.989403354,9.239422216,9.13666169,74.39241958
5.398074607,8.052317961,8.010599489,63.43596624
3.931697184,7.177354153,0.947232144,25.55779634
5.53370609,8.954707465,9.511042053,73.73807505
10.81271317,7.490846004,5.671557251,49.84699683
9.885380858,11.97311039,12.03857,95.66769292
3.684018375,9.108436529,9.559437353,74.60628131
7.330442744,2.53532106,11.55830411,66.26353909
2.219670815,6.618508757,9.607089406,68.68773774
5.779345844,12.88382915,7.311743698,74.7274145
4.750042777,8.75418188,14.63743705,98.45043971
8.778749863,11.24359917,13.16317254,100.1486799
8.867385471,7.220196453,3.625283382,40.31598144
11.18215578,6.934065411,8.200666386,60.82288405
10.71345787,7.441596375,7.28067455,57.76769347
8.888681734,13.18921381,5.651068695,68.33376869
9.024271533,8.392929601,7.954425281,65.34079995
6.04441315,6.153716622,10.86908661,72.57007311
7.429626984,5.537388881,7.255465761,53.80080008
9.156593422,9.310627443,3.577052504,46.08212616
9.549949816,7.449277838,7.949925777,61.97261715
10.18009463,9.675822258,2.492751317,40.8057041
4.487959441,6.119649032,3.677300184,35.7705268
12.25113941,9.638787745,8.378788123,70.50026756
2.19196561,6.862663943,3.621744244,39.50991155
5.443776197,10.29100625,12.89800878,94.61881407
3.254666036,6.217246512,1.320753049,25.1426722
13.52750687,7.976909353,3.256135295,41.03124724
13.85957962,13.31719435,5.007780955,65.95220722
11.27348026,4.117105063,2.657907148,24.6792189
10.52999903,3.630669997,1.138346015,15.69017661
12.06686581,12.0798242,11.54391402,93.4800518
9.329725383,6.334682004,10.42522423,71.22507666
9.999972699,7.740310927,4.21533509,43.75361003
7.451336148,7.801764797,6.802195067,58.3362973
11.43748972,8.593874472,2.395952223,36.85745038
4.448541714,5.987243436,4.625241873,40.1225459
3.818115773,6.458181344,2.52868166,31.39186663
10.43898664,7.579556259,2.940224239,36.59072721
9.445337501,11.01450244,9.572105636,80.88347742
1.691804199,9.210503594,12.83504096,92.79940306
3.848230381,5.872834064,7.44360784,54.18726112
10.4598919,7.171217927,0.085697919,21.08222286
3.624952027,9.775474926,6.577658216,61.74995954
12.81528233,13.10789012,7.246117728,75.80060836
10.25936286,10.10090554,0.77805171,33.45195734
9.54667477,10.29324789,10.99582714,85.73728424
11.65215442,9.236346835,8.272195919,68.27793571
3.749572839,8.367267071,9.62324358,72.64680836
10.70670803,6.087121048,12.24012318,78.50341159
10.66262182,7.496799706,13.73860966,90.2383659
8.182245565,4.684106751,8.007428105,55.03606426
10.14957105,2.935014443,8.310322892,49.69367723
3.782998433,9.321564425,0.476445319,29.74859745
5.89639464,9.219320766,2.676654849,40.66401842
6.879224589,8.780236503,14.60391863,99.92167177
11.05587872,13.17577804,4.661904035,61.83867204
7.402057674,11.34958566,5.363553966,61.7661354
6.244920861,9.73325351,8.088981224,69.60641154
7.577347002,11.38201604,6.501099381,67.61352506
15.15613156,7.079238907,5.28165859,48.17025759
5.729646105,10.59818842,3.729615382,49.91694096
8.245714918,7.338584585,3.887319888,42.37660189
4.569946112,9.651790486,13.43793613,95.15517994
9.186380473,5.299587973,13.75210362,84.89542776
13.01442006,10.30466281,6.40406067,63.36750013
10.68107806,4.526099124,13.09468597,78.10077488
2.501144788,7.826462761,0.573192215,26.94290397
6.009972468,6.628010144,13.68623339,88.04537088
13.47739146,8.703376955,13.25425474,93.17153441
3.640154583,11.35245906,6.548421002,66.32131918
11.10019129,6.382961695,2.117081648,28.73976069
6.887222899,11.2225382,12.80391246,98.25514714
5.118436687,3.540371514,13.02621877,74.8335193
3.899040945,13.60728543,13.50248842,107.6472288
10.11556703,3.467710588,4.91442282,34.33810031
7.769080564,10.02110325,0.066901631,31.39421598
6.164551589,10.96392531,4.896333513,57.25508784
10.4031078,9.727861002,0.593020571,31.31911996
5.795549782,7.23732856,8.246894345,62.47791909
3.168733892,12.16426261,10.66674527,89.79937624
13.7004774,8.545860196,3.311601962,43.10174716
8.362026898,10.0356216,7.901814454,70.48963416
6.566774092,7.215461386,10.05296918,72.19103294
7.358043583,7.758330804,2.598699682,37.14801354
5.274743149,6.191194465,9.233474959,63.89495593
10.78136064,6.479007448,10.6919159,71.919458
10.0363889,7.831262387,7.235405195,59.09662602
12.29554364,10.99333849,1.253730572,38.98113998
12.63002464,9.662338148,11.38356978,85.96847437
5.764751366,9.592172362,4.549684682,51.02942002
7.898752238,4.38602174,8.045920241,54.38666439
12.74576688,7.220703715,4.699621102,45.33865221
7.71749336,9.159796932,0.424326853,30.59172499
4.7248405,2.982703238,14.00708729,77.98362369
6.273346121,11.39543929,6.578556606,67.06926188
11.31358013,6.146741041,3.017742568,32.57907514
6.358385221,5.510765487,9.220539087,62.71012095
11.25544214,11.0775413,11.29451475,88.73877368
9.6903993,6.563774023,4.471646168,41.78704404
3.537860389,4.646264904,12.73350758,77.22035461
5.982153033,6.58183646,8.354288058,61.22044345
4.069727375,7.599701404,14.58113147,94.90425816
2.318676965,12.50573903,6.192406262,69.21238025
12.50291058,8.261608538,14.3964395,96.70360568
9.15890628,5.955292205,11.14070577,73.83215589
10.58344064,7.90650839,4.89694454,47.28797962
9.121178318,9.627698807,9.499911053,76.68160884
10.54641616,4.90806851,13.90142529,83.330519
6.300963825,8.576300074,0.268501165,27.08918363
8.268123169,7.872456108,8.854524721,68.80545404
5.391875289,7.835226326,4.981045331,47.63301001
8.618861612,11.25483229,12.36711186,96.32152164
6.839848187,9.057164975,9.984183086,77.62076621
12.17692514,8.013635503,0.023201413,23.7772381
13.04437038,6.48244265,6.800286587,53.90876494
5.965695626,12.89068941,0.681871164,41.76924137
11.75203532,7.152868088,0.310274117,22.28270531
8.37484193,10.81970333,14.91775466,107.9152747
11.82493161,3.120457502,9.504473663,56.20839095
10.69520876,8.244761365,3.915591268,43.35701203
10.74992708,7.862870452,1.344131988,29.33929116
4.059736563,5.666322943,5.551774965,43.96336786
12.68216002,9.736341227,1.745263778,38.05087342
5.180458612,12.62574918,13.66406999,105.3051567
10.40047914,9.380657195,3.822318796,46.4254704
10.32003808,9.275258781,4.022930434,47.16005675
10.91952546,6.409398219,14.30595927,89.76088132
3.786684565,11.26832995,8.832371635,77.36557613
4.217659996,4.702305716,13.60479181,81.25077878
5.450467164,9.61591981,7.435413399,65.28506337
8.835671959,5.881028291,7.809366321,57.24553442
6.549785712,6.602706022,4.09253973,40.53427018
9.040790537,10.21527108,3.709931611,49.57009179
8.237850332,4.615200064,9.406841883,61.80703232
11.38645553,12.41790634,3.497168988,53.81499031
6.813623502,6.866569175,8.876418092,65.48770935
11.28383945,7.645726402,13.41536512,89.05526628
8.756881791,2.309542354,2.062752679,17.86172604
4.533774233,6.827424745,3.418003854,36.58820276
7.119365612,5.020941219,5.104807344,41.32894857
10.98387114,11.45355397,9.308125364,79.90135722
7.760420488,6.455051586,11.89654827,79.84352245
3.626780459,8.747836091,0.104660128,26.30043441
9.95364238,11.67649658,4.622738637,57.63862971
10.36627615,7.283650112,5.917809634,50.6315577
5.424673728,9.663812881,7.739308606,66.93111105
10.85731586,2.855399351,10.03103149,57.73089798
11.41959501,4.715279148,9.295926115,59.71402595
8.537589513,9.539483836,12.38914131,91.33945711
4.141652737,7.84006061,14.58883782,95.62286748
3.241774655,9.855551711,5.996436206,59.44882166
13.04391741,1.471874121,2.571546378,17.73295607
11.19227612,10.16177036,8.921698202,74.11308559
8.333601203,7.565585122,8.951895265,68.34340222
11.45817984,11.83044226,8.773145225,78.46216019
8.17744888,3.467004193,5.104291596,36.8706096
6.539861188,11.18685502,8.422035806,75.92461082
7.504139305,11.4564007,10.75043164,89.06078705
12.27912175,5.924762125,12.15420801,78.26201156
10.37227698,9.930647352,7.834360028,68.15178401
13.07647611,8.271914085,2.667305821,38.64054067
2.772790291,10.57660845,0.010081585,32.14073185
11.60609553,7.10816101,14.91552227,95.08274505
10.21979325,8.153322881,7.555376905,61.52297886
7.298659441,4.845321897,9.826004574,64.51571918
11.73722148,9.340525058,0.652214009,30.54528835
5.719883057,4.78601311,11.76395137,72.64381502
8.397339044,9.163993513,10.26587714,79.67734393
15.45464222,6.840647631,7.299649539,57.27081098
7.043147078,7.683577416,11.8963245,83.22124848
6.123516409,8.59172284,11.37267661,82.47956023
13.52394107,9.605108915,7.855189701,68.90907101
13.4805918,9.446471048,3.3566311,45.91465608
13.48587807,5.301927921,2.775015679,30.57616529
7.148176862,10.52884983,0.479396567,34.74462211
14.88646254,8.123945599,2.252937843,36.36869485
5.709873372,12.0700541,8.47055865,78.02053814
10.231556,8.899886018,12.89688328,90.46201256
9.860344101,4.49039254,2.594843796,26.02347285
3.61933014,7.29283248,1.858348958,30.71047107
9.972371638,11.08909916,13.12731093,98.38321786
10.01361459,1.507866002,5.479681334,31.36661072
9.600538559,6.982564656,14.53806579,93.46316584
4.586151482,6.047331647,7.845218112,56.37604288
5.741796525,3.352639055,9.805215259,58.56866679
7.623454397,4.46546595,6.956736863,49.15362823
2.184333839,8.304352007,10.763747,79.54940741
7.383197204,6.235851649,4.539716137,42.29734839
6.223616441,8.973498683,3.821098385,45.96645433
13.15816608,12.38469208,14.98981142,112.6609854
10.48771177,5.266684844,12.31307304,76.49163377
13.23960985,8.498803393,12.58724283,89.05614604
11.92429051,7.663481193,4.668682866,45.73499532
10.69699294,11.32947574,10.3393033,84.72918899
8.586780623,4.909539786,4.934574272,40.14479564
10.01323386,5.535161439,8.222362262,57.16221832
11.8417285,4.611949637,12.40674049,75.20668383
8.81285898,8.700532844,6.239901926,57.87554746
6.306306363,3.698290975,2.094451579,21.59024982
10.09282648,5.265502313,4.111413719,35.73412035
11.47902503,6.093043628,2.984227824,32.31487384
4.925360588,9.401300771,6.284843552,58.65071294
7.743612756,7.574315928,12.87895128,88.11161971
7.936632798,9.555510253,5.825400314,58.79011867
6.71331169,8.792175709,5.222696088,52.90699324
2.628968331,7.44622461,10.28051197,74.23169958
10.5383304,2.768082704,13.51011474,74.95754915
4.339195096,10.58905972,14.73343236,104.5031733
6.815523365,4.937787355,1.112509864,20.88346064
7.502457496,3.748802043,11.24774997,68.42400497
3.881411817,2.839749155,3.773421575,26.71220098
2.806433435,2.274305128,7.520476532,44.75421758
7.789116716,8.192086768,4.608033649,48.61432556
12.37670847,6.186096376,9.102091369,63.88021887
5.054412664,6.762048927,1.41628605,26.42549917
9.692304322,2.232850878,4.065226895,26.7603405
10.184452,2.062093585,1.800049719,14.49784421
4.669979289,12.24780361,3.841306955,54.95084476
7.618486093,8.158385957,8.635338427,68.62424884
11.30569595,6.121686086,2.44245369,29.62503026
6.287355084,8.824229283,4.322993958,48.0918274
3.799277933,8.132576132,4.713618834,47.35453597
5.553830296,6.32917802,4.207412265,39.35820652
6.256053453,11.39552885,8.085818177,74.58854891
3.28834631,5.160558676,12.15943739,76.1326355
13.76517935,6.250649552,2.545196246,32.40953665
7.773068857,8.320415302,10.80825896,79.99926908
5.995444588,7.93946281,2.310182992,35.08551683
1.262423865,6.606382314,13.94078559,90.47590367
10.17631029,6.972143209,4.629524051,43.38129073
4.950906212,7.055429734,6.24043787,51.39678919
5.343498521,6.922457652,4.893404567,44.42702246
11.47303905,7.093247625,1.429739963,27.5402799
10.9315168,5.397420592,11.88990371,74.64383131
12.03393698,11.69277547,4.030469883,54.72304424
12.30713902,11.27370493,2.201535587,44.57245484
11.34213832,6.621396983,12.7145864,82.49657759
5.898738281,3.757895936,14.67613052,84.27929385
11.569528,12.01355861,12.17917259,96.09677793
13.47448396,10.26287437,7.776572997,70.4598325
1.364682551,4.924557516,4.271061086,37.10781163
4.630108693,7.858380885,0.399999136,24.57852145
10.73798415,4.851454369,3.658762902,31.88117092
5.17362651,6.285041506,3.027214281,33.09569351
3.168535892,1.512351927,14.93050983,79.16266493
6.935113156,8.846676821,11.97404923,87.01699665
7.526257682,6.989018679,2.074706544,32.28736619
11.05992048,11.06020807,1.581374352,40.08956547
8.590265692,7.507809964,4.906919944,47.79899868
11.1466443,11.03552808,0.744866283,35.84230503
12.47151201,7.340841936,14.90545063,96.45506257
11.51254795,5.877632273,11.04717796,71.99946768
4.066961253,3.386473459,14.39692311,81.3451934
13.88619206,11.12356626,2.667314963,47.67594437
8.044610546,12.90883981,4.466651621,62.0416628
5.647301986,4.111552954,13.70079034,80.24472216
6.38126272,10.58115387,14.20742235,102.8784936
7.17520944,8.116048497,7.728390723,63.76844327
5.110618859,10.87083452,13.7688708,100.5351087
8.966601686,11.09284621,10.20636566,84.75268014
3.112497062,3.455131976,11.99218322,70.35540352
2.969961188,1.885218424,9.002981678,50.84135373
6.323877178,9.43521173,10.79658278,82.32922975
5.724228282,6.80278215,10.35610053,71.65854687
4.70770766,12.05382327,2.063203277,45.47749715
13.81346614,7.73885252,8.766554331,67.99739399
12.63402761,3.730830404,9.305786213,57.78902767
10.64707578,4.916644293,0.195506532,14.78757902
6.016548995,1.546005192,0.447835937,6.61370715
2.174526029,9.958388464,10.08519485,81.12436356
9.645679148,8.133673171,1.528036359,31.82209231
3.387304752,8.174134213,13.38418164,91.20006374
3.041408642,10.79033061,2.76995806,46.32079864
9.446054469,8.216807265,2.396757802,36.6129359
12.4059917,7.40407029,3.125397306,37.67950513
11.14600141,6.325205033,1.626903891,26.1214274
9.315902092,10.0235906,9.71917059,78.77528564
4.343920166,11.8567142,13.64992426,102.8868839
14.44597985,5.913076064,11.42984843,75.84116536
5.014101157,8.937216764,2.750904647,39.61134442
9.830757787,5.273041649,3.051272511,30.68056837
9.946005712,5.606459837,7.052621429,51.58454143
8.235898732,5.125735635,12.9961749,81.28603327
6.408510092,11.42389217,13.93637091,104.0785281
4.070650977,4.486026303,6.836951323,46.84177891
4.228022633,6.976882162,12.4860011,82.47568181
9.861429755,8.092829872,12.34278225,85.56949307
6.683738044,10.96580404,0.398443246,35.27955574
9.709112803,9.393556423,6.482981442,60.31505741
6.379154079,6.283539834,0.226170421,20.07729313
10.58859862,4.66761767,11.73148776,71.74196967
2.471801671,6.620344774,4.296615876,41.96493584
12.76645084,5.621875202,10.88161556,71.47245137
11.02342502,4.059974052,11.79923925,70.17650621
3.292990834,7.148666037,3.892543764,40.75789647
11.61149844,6.466347888,13.19564667,84.56103709
1.323824375,8.030735619,3.090446823,40.5140981
8.949246767,7.262738891,3.337137908,38.93171698
10.22059572,7.925692664,8.405011632,65.08770012
2.956399828,5.037145353,12.17109435,76.15104387
3.55457038,10.72998666,9.154099002,77.5591165
6.230788102,6.426233496,14.97302324,94.09144346
13.95242764,7.446080384,5.446156449,50.55200757
9.188867931,10.11537728,8.34575374,72.30862844
10.42200461,6.221203072,6.730228554,51.47478268
6.01584359,8.644159229,5.573422236,53.53542035
10.6652051,2.668520027,9.808967794,56.10447641
10.14874904,5.087888988,11.94404643,74.32153418
12.97449009,9.609232195,10.58423288,82.14574493
11.0019387,5.529266151,6.100779087,46.09171414
7.033812292,8.763683549,10.44885395,79.2174178
2.318525332,8.703122095,5.668747378,55.18633816
5.443796206,2.310573005,4.768523814,30.03010285
7.520183349,5.982359333,8.811636834,62.95006688
14.73799555,4.487567943,10.89454953,68.76031893
10.65360507,5.884603542,9.959110712,66.50726806
6.517613733,9.146148072,2.536642858,40.35394559
12.77638876,5.396789837,9.794801141,65.37285286
1.570698099,8.631604529,5.820709947,55.99836331
13.12161265,6.668657666,1.608281036,28.57452717
7.238369584,3.953461903,7.428650989,49.82006082
8.28575546,13.43634108,10.20675254,92.2510108
10.99830639,4.848188081,14.79385663,87.51385111
10.59968619,10.96368455,10.40472504,83.9920244
10.43862245,11.64615789,4.089430984,54.53675828
11.02566716,11.86516145,5.473945966,61.96566694
10.9160662,12.22544272,3.116238979,51.26068216
4.219275641,5.82288903,5.839830487,45.78695616
5.105912759,6.692758627,14.49761645,91.6427945
6.520913356,5.559673879,13.08935737,82.36130365
6.215034644,5.786288172,9.925272791,66.91713055
3.646565391,8.615560691,12.41223535,87.42407523
9.858831021,8.227274462,5.472827563,51.62540974
4.305897228,9.934029114,14.37379834,100.7525654
14.31946021,5.929653539,2.558000754,31.56239493
9.435390294,9.642557243,12.7548997,92.69155809
12.7472937,7.9284307,11.75409734,82.73571647
8.019007554,7.977853276,1.568705286,32.76350035
2.901090999,8.849505987,3.846643745,46.01992656
4.854644687,7.677599214,6.981255687,56.94917737
4.605201032,3.494050016,9.866518219,58.82048027
7.690989067,6.338359428,8.454063827,62.27214351
5.278154141,8.653204334,0.29412363,26.58605248
8.60501598,4.834930497,12.53295227,77.90053627
3.346303446,9.873679798,4.76103443,53.22292755
4.282721106,5.794658195,0.883304191,20.89139139
7.359505592,9.06470054,2.530504161,40.72683991
12.87758414,5.779172127,11.04312141,72.85933751
11.07138144,8.915401779,7.859093711,65.04454588
5.34265074,3.960927637,8.318477626,52.66729778
5.411264766,12.6328361,6.698726015,70.62657243
3.811403115,6.377182799,6.407023512,50.54582855
3.869219193,7.542257523,14.77403514,95.83184913
3.380685662,3.064145242,0.554164374,11.72643606
11.84367705,9.148212091,0.983729856,31.70187824
12.25477352,6.999286916,12.59002111,83.6413871
4.185090433,8.707108767,14.40002144,97.2572639
5.177182391,12.29028468,7.938610522,75.66999248
9.384369644,10.24709724,4.820602922,54.88470365
9.403528415,8.149201477,8.174412822,65.34091649
12.05744112,3.286777047,11.07575685,64.75187268
5.376657727,9.022358416,0.614339113,29.35140301
10.43581037,9.067838591,1.74343436,35.07330708
3.41811581,4.950689914,14.69565911,88.05735273
8.782815128,6.083266659,0.179805668,19.74759699
4.368975925,4.548040893,5.742606585,41.41554464
10.48660226,4.968319776,3.211995995,30.09169342
6.797930096,7.871115072,6.620089612,57.206106
6.933899796,10.729079,9.215180283,78.86889345
5.619353566,5.888946682,3.350487552,33.80313842
4.069463755,10.24387965,9.459278512,77.2276861
6.753484997,6.612424983,13.22907528,86.4358048
5.27649095,4.978109224,11.01922232,69.18537019
9.380061904,7.767026087,9.036301626,68.52728755
8.941616105,7.108060082,9.16115304,67.59452686
6.11943051,5.704964807,8.909423977,61.4989904
5.53716694,3.344262546,5.274507126,35.72660322
7.863287999,6.792736439,12.84145147,85.58542338
13.44285493,9.770220438,12.5081503,92.61990691
10.18539628,8.122411483,8.092265531,64.13919262
3.987534883,6.777640645,7.797788588,58.57326871
2.220789975,6.575437388,10.81642429,74.60452126
10.41513326,12.70578246,14.51484095,109.8553313
13.05320342,3.36275023,4.603886144,33.57551042
10.02640582,8.366233389,0.235326789,25.70934886
10.878292,6.440640909,8.86361708,62.64687782
11.19830661,4.157574974,5.534863989,39.16752478
4.533590804,3.978723424,2.12848448,21.59453453
8.084181775,4.107045497,9.558607281,61.08779364
12.91991754,9.080206047,13.8074042,96.62386667
12.310789,2.983171605,3.48614156,26.12741444
11.40332346,4.506075113,4.546533978,35.33287953
9.801783128,5.386087636,4.944767979,40.51396519
6.988622436,5.795625411,3.158660726,33.82854655
13.91818548,5.525735224,9.753560977,66.32112978
10.49569542,10.30687208,13.4488864,97.28740762
7.684458143,8.250992109,9.266375861,72.0705209
12.12882567,6.369448217,13.58266134,86.59793436
5.857458219,5.966756486,6.042161815,47.69809545
9.361005499,4.075910489,3.962049614,32.10170878
6.504222144,5.074473955,12.34818545,77.18359049
2.771236678,2.008123781,8.830042,50.53652863
3.339511593,8.21425728,3.519731043,42.04479773
11.00959689,11.0724206,11.8645042,91.53988108
4.743928219,8.510487026,0.634729409,27.70560544
13.18399545,4.483073278,11.30041541,70.53039731
11.83884913,3.92336061,9.260570773,57.40791503
4.538017166,8.349645037,12.94046581,88.76642845
6.230653851,8.240425364,7.575572542,62.5466315
13.34753056,9.968010757,8.675915554,73.98771361
3.341733943,7.582166498,5.918119185,52.13828761
12.10576931,12.09310582,1.079009724,41.22987924
6.390460287,3.291745096,11.2168076,66.06634262
7.207108052,6.711969272,8.489338147,63.38057052
11.87503693,3.689315017,7.62778329,48.56929628
12.8031053,10.03654623,3.05525077,45.62042217
8.005583881,6.42363356,3.499193581,37.75539896
11.18367672,9.203553012,5.195901446,52.60780543
9.883516751,8.592127983,5.536438514,53.01575887
3.890190042,10.71229233,13.02652239,96.58887713
6.119461439,8.540303616,14.57580061,98.33692049
9.356942132,8.374447507,3.340101427,41.89163347
5.728468825,4.135330506,13.86044084,81.18149342
6.289554268,8.451802934,8.198027672,66.35191608
13.90939349,9.513647396,11.72457175,88.13797252
2.904561349,12.89872815,13.55279094,106.6949571
8.379698164,5.850925088,10.84038328,72.61965627
11.14490714,4.070028833,12.68276074,74.63501962
11.00979967,9.719869766,10.87721635,82.54579224
11.33477821,12.88744344,1.280384798,44.12123447
4.142639189,5.898892426,12.66403103,80.17479644
6.076186705,10.83354053,2.90799122,46.83505419
10.07042941,6.673221914,5.716833929,48.00211651
13.36468587,8.700658282,6.124690477,57.44160854
7.167002906,7.376424155,13.22423539,89.02361504
9.917510266,4.698033899,6.708403309,47.16308331
5.663380531,7.342295058,14.52235648,94.0577913
3.842046488,2.913702259,7.041291773,43.30300091
8.316966039,12.17530693,12.33476874,99.09448809
8.425446091,7.75701024,14.16915786,94.95792982
9.11762663,8.176842864,11.9958599,84.81217261
9.298891278,1.851241123,5.456545094,32.96200329
10.44402754,7.449837448,9.413935805,68.56747633
8.006475182,11.74213811,8.457028416,78.4999518
12.21041426,6.435369553,9.519521722,66.55523034
6.707801696,1.270760625,12.83587924,68.40364934
13.93216146,5.58186745,11.7571899,76.51061173
8.465602558,1.660465191,8.18320762,46.71615204
11.13578181,10.81656745,2.848925535,45.70414301
10.5326694,8.482313547,8.746558024,68.28497166
12.79936896,9.915166811,0.059032437,30.2715585
8.233749695,9.394025353,14.11947093,99.70818134
12.19450389,6.343213559,11.43964269,75.86449891
3.838032042,6.046228084,13.37746128,84.38450035
1.850695516,9.941821609,0.927921789,35.42615707
4.867121159,9.077122612,2.174428795,37.11545897
14.98824785,3.654218191,9.778554873,60.51459963
7.414526042,3.920055759,0.305575445,14.19302791
11.48593738,3.975549671,10.14807037,61.78483894
13.48965765,9.135734799,3.973800518,48.07379566
6.50433099,11.08580071,13.72428856,102.0981925
12.5326666,5.224259067,1.353005938,22.40410925
10.66077416,6.408409938,1.101702331,23.78926547
4.987526855,13.1024544,5.386531977,65.27763535
5.603125987,10.25299205,9.837687149,79.31857276
8.935674609,6.058656174,5.405352028,45.67256322
9.179065869,10.02745221,14.46228033,102.6370054
12.1404253,12.52976844,2.712469323,50.73847013
11.67063124,5.112578776,13.0653108,79.88361896
6.336029834,7.695204098,7.243703825,59.35695136
7.908598009,9.15752013,13.51610395,96.05158905
11.17383143,3.678922159,7.263925569,46.3722401
9.033671277,7.742596081,5.87700571,52.99402856
7.163687479,11.15399841,12.57351358,97.10062186
7.369925925,7.540018008,7.347825019,60.24429391
12.00551009,6.428877802,1.205913157,24.7842841
6.610381077,9.09107783,8.577241057,70.48082761
8.625440603,7.641388563,1.040403961,28.84307976
5.957671283,2.791972818,6.092211427,38.51717973
4.2676704,4.807594709,7.783523675,52.43767074
11.77350468,10.53309137,1.592364873,38.84873096
9.374389673,8.365304062,12.05355911,85.4140747
9.265630699,6.33941585,4.686553675,42.60949223
12.92020474,9.3559395,11.66535113,86.74107112
10.83126766,1.10609833,9.577902866,50.22127731
7.0462454,8.729091624,0.951070968,31.63376599
11.02594292,9.055601876,7.193555594,62.13504469
3.420041635,6.259696384,4.61283853,41.5684171
9.854978281,9.668271867,3.427390063,45.72471304
12.40897872,3.192097772,14.62097557,82.52442829
5.381529719,11.44356807,2.418076702,45.63673274
10.8994788,7.789915621,8.316613633,63.95742865
10.63606083,9.078364722,3.512413325,43.86109268
10.85827284,9.929858582,4.828370976,52.94084167
7.011767874,8.594860296,10.50708827,78.98583499
11.61172031,4.760879665,6.078549348,43.85927403
8.895863604,5.065146048,0.693659107,19.16833002
7.901485481,5.949627561,5.425345509,45.97448213
8.256443391,7.266048099,9.299202381,69.21425575
14.74374914,7.250695101,12.21678063,83.65758961
10.25221768,5.668647431,0.527307679,18.9062796
5.421069002,6.528282154,2.151392018,29.58258493
8.434221164,6.91005208,10.27423609,72.93766805
3.951093436,7.391105139,1.321835872,28.0585519
10.58549308,11.34037225,10.54727894,85.84042304
10.85085908,2.187019331,8.722047192,49.18174693
3.546733867,10.5151406,14.77791546,105.0408505
8.298316129,4.041974816,3.155214501,28.80489389
10.39979886,9.137223617,10.75385647,80.35323958
5.603487822,8.25869809,6.76637783,57.97942565
6.052148466,7.172902847,14.29347263,92.75708475
5.097286889,4.616069144,10.70717062,66.45722377
7.95058665,5.709188462,1.751296463,26.87938506
8.275002373,9.302402891,9.300382796,75.3217949
10.56678033,10.80282327,9.187810131,77.43805262
14.59146997,8.048290101,12.64612424,88.27405859
7.331487909,9.409044213,8.332933889,70.75837949
1.318868265,6.702921837,11.03798425,76.26712038
5.95623922,7.935635402,8.871087503,67.84119133
3.732256705,8.912933172,12.50882461,88.72600987
10.21799157,4.80315732,8.841687326,57.90529711
15.16917948,1.814943716,4.730576292,29.61080506
5.974700288,8.55395682,4.776365289,49.24008139
5.669244696,9.52819702,2.382279928,39.91989778
7.178848815,8.8759753,5.907867439,56.94788704
10.2159502,5.863901931,13.94980103,86.62953307
12.91475487,6.248389368,4.820292665,43.188011
3.549783544,12.79377862,8.450496332,80.23686801
4.468098548,10.03207424,11.49329565,86.59239181
6.166789677,9.779585112,0.248585196,30.46554833
11.05634805,9.180544805,3.021628229,41.65162172
13.04615822,6.648819882,2.103273662,30.92441873
6.016559262,10.60792712,2.96677552,46.39418075
3.163021892,5.012656819,7.591668493,52.97488532
8.20668413,8.451141759,0.742878932,30.00626254
9.966917465,13.09502771,3.974255331,58.64038991
2.971231672,10.45827429,8.955227071,76.32049633
8.958096155,11.7578915,3.088708345,51.16714163
6.819201036,6.642395479,9.194294824,66.40937513
9.093157687,8.50355602,3.203558601,41.85403651
5.337708865,7.810048903,9.551908664,70.37891412
6.943910403,8.516145948,13.11967786,91.76051664
13.51174745,9.866581508,1.705252824,38.93672625
7.684855583,10.58057344,5.497156879,60.21323697
8.504249318,10.78675759,10.87074002,87.50989465
12.79152429,4.86174577,13.90900247,84.35350583
9.735929986,7.931027781,0.494436243,25.95910901
8.697822777,4.013239097,5.309454229,39.25158606
9.838979529,3.621004538,0.805915892,14.49013393
4.316924711,6.525871785,13.14666135,84.3881043
11.88634586,5.927832398,1.574468921,25.02702952
11.61252634,4.876430112,1.606056235,21.84392587
3.118832744,7.367934556,10.90179201,76.63552164
4.478732797,8.059693293,14.27319067,94.57220684
9.305497571,6.47157831,6.878736925,53.92741729
1.464687314,8.043785914,11.76984453,83.97495612
7.639161651,7.351806448,11.05315539,78.29821109
6.576265505,8.808609395,11.55736263,84.50154378
5.206383121,7.13896218,8.604793021,63.56040556
12.82346408,6.904931247,14.62329074,94.08551805
11.38625075,9.367298551,4.169528636,48.02488717
13.93619379,6.362005164,8.053899943,60.33538799
14.30484178,8.333305456,8.463024635,68.30101502
5.841513403,7.476226281,3.24511876,38.22682112
3.573196608,8.255507448,12.43985467,86.54746747
13.65068165,9.690362522,9.166465046,75.78739431
4.570929929,7.657929402,11.68432036,80.40537866
13.56833884,3.61837371,9.761441263,60.50486024
14.3277392,10.19026804,11.73098135,90.20760689
10.50363393,6.455508964,3.421388327,35.59205052
7.453396155,9.210154274,4.410433055,50.60346094
6.755474453,5.4399621,13.82961789,85.92290179
8.271075888,9.045319851,2.166444637,38.88245267
13.84350939,10.95896183,3.853257526,53.10036469
12.88713688,6.825313231,14.42446532,92.91356013
9.241855323,7.066861436,3.336923554,38.0671063
3.554772263,4.693965885,1.007789168,18.7193201
7.23129059,9.32850295,7.961232863,68.60398509
8.885791042,11.4887852,10.014017,85.04970739
6.037149749,8.550475116,9.308191671,71.94882288
14.89940933,8.494119664,1.449804689,33.4546718
10.61596968,3.002527043,7.702018757,46.58886369
8.55396329,4.637033305,12.02312122,74.79156
2.918554241,11.51200509,3.575181654,52.63311732
7.002042671,4.686395532,11.26271309,71.03127727
9.218299198,7.816685584,6.458255878,55.94635088
7.661772217,12.57123365,8.402700648,80.70878875
12.91695335,6.957095713,10.36613107,73.04538762
11.67628519,10.17320669,4.887426114,54.17962514
8.595727609,6.237032735,7.918495271,59.0408647
2.367546564,5.052084802,8.887423874,60.29240804
7.776450555,11.2849235,6.577693279,67.74023287
13.43600239,7.241875723,9.28682519,68.92384457
10.06019843,8.814016278,1.272547287,32.2112693
12.66460388,10.72393161,11.44604545,89.50009744
5.764094204,10.42144462,3.586047843,48.69848189
11.01960779,6.175608523,0.561399111,20.33410992
3.360712102,9.555965095,10.25416799,79.72136501
8.415542201,7.532846772,8.091821134,63.90407111
5.031438942,5.839693563,14.96787871,91.40894038
7.295534495,5.175693486,5.546707049,44.10869465
8.480877284,4.69259934,10.73939885,68.58464481
8.315908497,7.641269142,10.55792993,76.60865249
5.410273347,12.06886712,2.55726726,48.22673424
10.61005898,8.267134705,12.04186841,84.08414138
3.88735903,9.525720896,5.120998268,53.50361906
8.100303523,10.12301067,2.344344501,43.06057035
13.8055307,4.357567323,10.78803061,67.95836588
9.317738521,7.275938661,1.578642343,29.82786285
10.8309104,5.677023349,10.95658531,70.82752307
6.724206435,10.9435243,8.741342229,76.96414715
9.045062901,7.72546398,10.13510056,74.22255061
9.338504,6.126804946,12.53630504,81.14810704
10.9335974,6.093439462,1.588779005,25.22613336
11.53520432,10.69298215,3.697681657,49.70945589
11.04673446,3.56416304,13.98161689,79.60188195
9.602357188,6.629816542,12.00349051,79.7302548
8.441330597,9.279556899,2.554013414,41.44115046
7.667218744,4.589533254,8.141077853,55.45659948
4.762983303,5.987112709,3.101348655,32.46936102
11.3220719,4.869711398,8.413518768,55.72955657
10.22645747,3.55469495,13.95939367,79.74252799
9.097558363,8.476853692,5.154904459,51.52649477
11.63400099,8.514059237,6.900769957,59.24299316
8.890610489,9.235102878,4.959348789,53.01117724
11.83215751,13.13281805,10.5577404,91.51715295
11.39290724,3.706726514,1.103748667,15.71682657
13.82662856,4.555456489,0.361217649,16.4246269
9.024953757,2.360073463,10.45736894,59.75632148
6.989198011,6.417727057,10.70912472,73.44760957
9.736882803,10.50874499,13.29254806,97.68191279
12.40356659,7.946953515,13.74657637,92.41165661
11.61679503,10.27325407,4.338291884,51.69805307
2.842388486,5.762901225,8.05533091,57.86011805
7.208689827,12.38109094,13.85209083,107.2026513
12.13223714,5.740704143,3.391348118,33.7582286
6.411159816,6.853130351,2.826677436,34.82040371
12.25984453,7.667408676,10.91740137,77.28748442
7.881949549,7.713301425,13.42824538,91.28074012
8.056754857,4.397351937,6.007261754,44.20787643
12.14100806,5.847823415,10.27195035,68.49057097
11.97035193,4.969770386,0.888422377,18.79007096
5.521467009,11.0239131,1.706818377,40.91566526
5.273645155,9.512971511,4.050588368,47.94526919
13.15423103,3.708537616,13.2617976,77.98918272
11.03626875,6.274261662,13.19277615,83.78749364
11.97968351,6.454270286,4.428582888,40.95212014
14.63065776,5.275522443,7.31863073,53.3004056
8.755224754,7.697746962,8.592337364,66.67556342
9.36932478,8.921134826,0.186562898,27.75164374
8.204165869,10.98539423,11.38759605,90.83347246
9.868889587,12.95982205,1.040091193,43.65026626
4.68534556,9.584835222,3.850289237,47.0063175
7.879935321,5.377458398,9.166562148,62.96484916
4.521403599,7.774929979,7.446178259,59.57386357
10.91557287,3.291019125,5.775159815,37.75205486
8.450443156,9.135928799,13.7625344,97.04778681
12.4359782,10.29411616,0.955079611,35.52772331
11.65175117,6.00190841,14.87716389,91.59921421
7.890560133,9.116968972,6.888929825,62.79488712
3.505880517,4.255096029,14.09809702,82.89948923
2.726951114,5.384972226,3.094371676,32.02963693
9.108730491,7.857374145,13.55715706,91.66871998
5.389265326,2.386213995,8.350329159,48.13075473
1.888465914,8.486347655,4.953211107,51.17506441
11.12045357,4.469024805,13.05353145,77.68251894
12.78599391,6.732979315,13.40049042,87.41925205
12.73289709,8.339194144,8.143200466,65.89934264
2.622689225,4.962754697,6.14891191,46.12875185
2.213924929,4.685922624,7.39714374,51.84371002
13.14387052,11.89264147,6.107053092,66.75912086
8.676056028,5.456108225,2.256996837,28.33401191
7.379307787,8.555669251,8.342143842,68.2671688
9.283729016,8.811118702,2.871717396,40.93252481
11.75122828,7.481975032,0.371719668,23.57670022
4.872659319,6.692166757,5.446388094,46.32125656
5.009920351,7.473404773,10.93041661,76.11623428
12.60971954,9.099658791,4.601276048,50.34869196
2.186740255,5.398699959,5.178446629,42.9045615
13.34157858,7.739978216,0.061321988,24.22640923
15.71613327,4.251106774,9.508112071,60.28571077
7.804517966,3.816006488,11.59709567,70.43227473
10.02629225,3.308016589,11.91771065,68.94671141
9.696877391,7.551036421,9.408032026,69.42451517
7.894574694,9.250116162,14.99928751,103.7459622
9.199726528,5.074261095,13.06871301,80.78950484
12.89272243,7.210327308,11.11989405,77.55104171
8.540200623,11.36402008,6.431224243,67.02182869
13.49952097,10.94254934,8.25977084,74.93000156
5.670821582,8.037159468,1.010350573,28.58842799
10.94118104,6.415605455,8.0695145,58.59586781
10.61863519,8.075279054,6.683970754,56.7158953
10.64913575,6.960505114,0.327079414,21.57632444
8.643190735,8.215567949,3.371656144,42.20939148
9.691421144,8.741281761,5.180999301,51.86534705
9.935520403,2.635852983,8.807408987,51.45577881
11.83225012,13.21169583,8.832103027,83.12566817
10.17922159,6.40771023,14.46751514,90.87582303
8.860938135,5.768416632,5.827758841,46.97847969
3.974630617,11.13800142,8.440637843,74.87721527
9.04997429,2.856514073,6.704040331,42.45583371
11.27828721,12.86285004,1.436027652,44.80838622
11.19077006,5.840003884,11.0014417,71.54621042
1.47576075,11.91156172,10.59926503,89.72649781
5.975076227,6.726325597,0.291817941,21.33480919
3.967756399,9.657686412,0.779404024,32.1347424
4.605410252,10.60756501,13.59887282,98.82277591
13.15164751,7.589886592,11.36636087,80.15389434
10.45584659,8.168248338,12.54835556,86.38867415
12.56382147,11.4129212,14.51296285,106.8010287
4.369829121,11.93918083,13.11451517,100.4482204
8.875440968,7.154032576,3.623893323,40.10368623
8.647052376,10.39551726,1.902858836,41.40250665
5.134331324,8.87682428,14.62054243,98.82088977
9.836087082,6.155836032,7.730962008,56.72250853
10.28158033,4.86950058,9.5024062,61.36478031
4.988546004,11.29684771,14.12914154,103.5741405
3.667389186,8.389703929,2.738445932,38.35943934
9.518989693,10.38348959,14.13123885,101.7125906
3.594180486,9.052230262,6.188725647,57.66302474
6.230125892,8.812088974,14.7406139,100.0863019
5.234173926,5.754183976,6.58845155,49.33787879
11.14303379,6.064815575,3.452387997,34.46723918
5.950560088,5.285906153,14.57914737,88.42692982
10.86226202,10.78789514,12.2443911,92.59451385
7.477846588,8.30498709,13.90966103,95.39335773
8.912626445,12.62583427,8.312809002,79.93160166
2.81330777,3.922688863,3.121844774,27.69971044
13.14211271,2.257746429,9.793805177,56.28672258
6.71038824,11.95891631,11.39943791,93.28826523
5.653102966,6.668460711,3.684650058,37.83942113
2.786289757,4.760091162,10.93404689,69.29838231
9.965185934,6.797837627,5.900039226,49.37922314
3.029226081,2.265677907,6.62132254,40.01577668
10.36508565,6.191682765,0.387335953,19.70398853
9.807912503,11.05150291,8.19434359,73.75239711
12.57965461,2.858260796,1.980005451,18.48809324
14.289528,8.997138736,6.671519543,61.33742941
7.420471147,7.022013199,0.388529469,23.91618367
13.83887179,8.919648926,7.022837252,62.82897196
3.775618182,11.2836905,10.07082707,83.61281412
5.740772976,4.882127644,2.582659239,27.04347556
9.920605855,4.583202128,7.45305558,50.53912427
3.497701167,5.039840423,6.366865558,46.60521952
11.80844645,4.422256242,12.0610487,72.88459689
6.028499565,8.886357321,2.888597955,40.85012044
7.867548331,7.706541073,14.31032742,95.67116831
10.63723547,9.236959729,0.861421409,31.0815055
9.521250548,8.885449148,0.604769107,29.58386997
12.22067615,3.502250509,12.0873446,70.60462437
7.419916241,7.454108125,8.701449102,66.77683338
9.454685383,4.327369524,9.198946088,58.94693605
6.187998987,11.27713445,10.54333913,86.45305636
7.739914246,8.520940355,1.876044573,35.9365453
4.574613116,6.168797858,2.582475224,30.42824578
9.419957088,5.609405486,7.906540073,56.36573768
7.860217142,2.725447936,9.863931511,58.49598192
6.02899145,4.280253927,11.65826983,70.88064566
11.38739879,9.205001667,4.753867218,50.46012722
5.429563581,5.850125304,13.29065136,83.24996696
13.51626847,8.113165194,4.690969318,48.60769826
13.72275439,6.194307134,14.72286223,93.11258559
11.40239981,10.61889346,12.62247912,94.05069437
8.255713292,8.487719153,6.808265201,60.42486874
14.909945,6.035075193,8.409142505,60.8669121
5.96939597,7.866204722,13.58789596,91.2294288
6.587967721,11.56954616,1.708859317,43.5530207
10.01487952,6.317498515,2.004492629,28.41851328
6.072054994,2.840742185,3.453932415,25.58232338
5.143591977,1.987130172,5.830078569,34.20331977
11.90741494,10.25683058,9.200160122,76.15900084
11.24319482,3.896628142,4.635567396,33.89822304
8.964145675,8.855358878,1.270959762,33.36539002
15.08313655,8.806129267,0.942583784,31.71626346
7.547885358,9.141186156,0.057769447,28.66592288
6.481106127,6.513164739,9.597296965,67.72261021
8.464982889,5.651626205,7.793111769,56.73951148
9.280991882,2.046525541,6.208376783,37.32475168
8.07495138,1.936414477,0.439966372,8.984760655
8.986393393,7.274109965,14.75339641,96.0137893
11.99265906,11.13072452,7.875185421,72.22534756
7.565018903,5.061978684,3.140834635,31.8486492
13.96640245,3.503128679,5.603966153,39.51467194
9.479030699,4.971510547,0.334145924,16.53103513
11.06247759,4.297019139,9.300768954,58.39713938
5.790405008,2.718676252,1.970862345,17.53726327
2.035888564,9.617122868,3.796166514,48.72598137
6.265815259,6.069280535,11.54551072,75.91802604
14.13815817,7.996041947,12.2682093,86.32917184
14.24496663,4.75091042,2.646758851,28.48072075
6.996350678,11.51662622,14.54607052,107.9344623
9.67897586,8.582556274,2.583433379,38.41336655
8.103454895,6.523744349,10.47949782,72.93776473
11.18466877,5.117885192,4.322959639,35.98627893
6.258099878,8.789735398,8.495162286,68.81993483
5.882932783,10.193712,6.238149944,61.38223479
8.664526219,9.91523261,12.76861251,94.27786425
4.368888825,10.82141584,14.2632729,102.8390304
9.277314492,9.059629369,14.32681121,98.95987377
9.605633484,6.878682753,7.80470349,59.4796945
10.86055258,9.989547322,11.92911983,88.62334272
2.313183758,4.657945047,9.98716246,64.64650408
3.614549025,12.2092965,8.907845399,80.71159639
1.704803674,5.196240751,8.808960231,60.62455785
4.508106535,6.478047483,11.18531861,74.3815287
9.216909512,10.80108373,13.32259909,99.22262133
11.63387553,8.647147072,4.669675194,48.4867081
8.868777288,3.410431265,7.551386871,48.51602166
7.033543126,10.22933332,5.949167672,61.11573886
8.11090017,2.79445197,12.21021793,70.40162314
13.03689853,7.923096522,10.53128986,76.87909576
10.24612273,1.836906204,11.34033077,61.48030984
11.68078678,9.218861438,12.79174072,90.8410033
8.803269512,7.745659242,0.795447137,27.79647561
6.757729376,8.222040784,5.865292875,54.44951967
4.453128081,1.393640677,8.090181886,43.66525174
7.851906181,7.044345129,12.790898,86.08752324
9.188886543,8.702850904,6.145840093,57.07146298
12.96573856,5.370389039,7.64439573,54.72198188
15.31923814,6.507892358,5.122422419,45.51479814
4.869522157,7.271493681,0.141085627,21.53222921
6.729158731,9.309631107,9.088593977,73.8031995
3.769636661,6.798990121,13.36974045,86.65810946
12.58362978,6.437421371,10.98036613,74.23135308
4.938040087,9.746615416,13.33425154,94.93645532
11.85192857,4.653533038,4.866243044,37.63661833
7.544789039,3.707575807,10.05192457,62.33492985
10.41819116,8.287389915,4.802925218,48.03890194
7.646739846,7.346684038,11.36568787,79.84709365
6.714423206,2.113325247,2.850430329,21.01012307
7.145778714,6.738869266,2.23649775,32.1586286
10.17007245,3.329190316,4.56852631,32.15201424
3.775636778,10.2074141,10.83534252,84.20654719
8.209923838,10.85515836,9.03907811,78.69818421
12.55640715,10.42658076,2.637698336,44.45827066
8.969250356,8.778776634,14.00154291,96.78398066
13.04187923,5.146463352,5.155058187,41.67247169
8.437270257,2.16008762,7.537024252,45.00004
4.458567607,10.51142194,13.45565431,97.8445774
14.55480346,10.19137401,11.79188866,90.44761544
7.935364709,9.652553609,2.052805967,40.21838089
9.501005949,8.05518509,3.227888142,40.22884179
10.06416408,8.639300259,14.32964805,96.9694381
5.006964334,4.861283099,7.648099761,51.86742258
6.41126735,5.039100357,5.014666046,40.31836343
10.96834507,4.574020588,4.435636871,34.90061681
6.455886195,8.963387903,1.687950367,35.50175923
11.61088238,7.972614355,10.45756097,75.38905225
13.87820281,6.867258104,8.510782751,64.12234383
5.897578753,7.215974244,1.43837193,28.46366116
10.9716364,12.35175184,12.95211795,100.8161318
9.14544148,3.930092135,0.564917933,14.89058398
13.59843815,9.348227348,6.820000146,63.00304434
8.382041269,6.414440861,3.692231538,38.56826664
7.402774366,5.709002103,12.79214516,81.98765344
13.56593368,5.822055574,4.043746209,38.52613259
10.60316952,7.817348457,11.00171066,77.53660658
7.28450259,8.444888408,2.675685684,39.55527563
11.05146099,8.041789517,13.18002665,89.02706307
5.552159676,7.824787943,0.33941042,24.50378237
10.52927973,11.01218037,5.736435615,60.82547887
9.38103336,8.027981456,3.591258251,42.08396627
11.3449236,5.728786447,2.278651442,27.64002092
10.88912559,9.897609972,13.32359991,95.3164898
7.814259636,8.287955452,9.710608879,74.41612194
4.463455094,9.111845524,10.95174791,81.12510047
10.2298694,6.055445749,6.438540354,49.638145
7.997052508,10.73687019,4.001791056,53.20934864
2.698490984,8.682505448,5.315228574,53.05240287
7.007815049,10.24686991,11.80067563,90.40684615
9.113637444,9.875964977,0.972044045,34.79425975
5.580110854,8.729141633,14.27324805,96.90709903
3.996349847,11.79634474,0.678823155,38.02873842
6.618815566,7.257163391,8.136216388,62.78193644
11.65431964,4.489313899,1.251354299,18.93395234
6.572961106,3.665758363,8.001095578,51.28849036
13.9025279,8.466343149,12.93765046,91.05988006
7.799372835,3.380023602,12.16200568,71.94860853
9.644052397,7.030069616,1.078445991,26.26491731
13.89562595,5.944314109,1.82027848,27.90530525
10.23251158,6.319915773,14.57943629,91.13420613
6.694066942,6.032406321,12.44112036,80.70223851
10.76818177,7.830258351,10.23069794,73.67000724
6.154908407,2.451813134,5.175604748,33.10553775
13.71097182,8.742035958,1.501732592,34.64531614
11.32531198,6.041198156,14.05507492,87.45284174
13.17776269,2.768839752,13.32581741,75.50961425
2.795809894,8.481584273,11.13595817,81.46347687
3.882598976,9.751803946,9.332666596,75.24371411
3.215716478,6.455861999,9.620461543,67.39583774
6.997782285,4.007662389,6.150201303,43.42930673
6.933505489,5.96141157,10.31402595,70.05980574
12.43885016,2.490494324,13.68815056,75.78506067
7.483994886,5.932888853,10.97078086,73.58490301
9.74598809,9.0515548,1.612581537,34.90185706
13.7930728,13.88327214,11.04130278,97.79771178
10.4816969,3.6725282,13.63799356,78.33670732
8.452403062,4.14808699,8.778579398,57.16338387
4.697420191,7.433406111,2.931733165,35.95899619
10.28767057,4.919515639,6.716232608,47.57998332
5.883313582,5.898648472,2.4643932,29.62861123
12.16680253,10.40584699,4.867633434,55.16668764
7.588557313,8.618341912,0.50734621,29.35673806
6.123269771,5.934625744,11.37994409,74.54436288
7.027690824,7.784750367,6.523292807,56.64832338
5.553478317,4.499270368,12.53282255,75.49527259
10.63642025,5.453650501,14.20903544,86.46993421
8.265304188,11.83853894,7.682594282,74.84518108
14.60264598,7.77367897,9.789895096,73.16411904
9.307274074,5.785140082,2.675151933,30.84841359
2.248326859,11.31749497,0.892513943,39.19417774
9.108890482,10.04603135,3.692071669,48.90911255
9.04138158,5.023814539,3.77591504,34.32509124
10.96499036,5.788585586,6.053481771,46.63363326
11.14016497,5.723231253,13.88892994,85.62477851
5.492230166,2.371334303,5.845400449,35.62997993
10.39882341,7.408790074,3.593104978,39.36472926
13.37715505,6.319043762,2.566224651,32.51308236
6.942960408,9.511002468,4.641272633,52.35230974
11.82133194,5.793126718,8.252317706,57.96296844
4.789476775,3.744422017,4.892280519,34.69763844
14.91257261,7.229469528,12.57376335,85.27136245
4.087715933,5.59606075,11.73458367,74.64994621
12.80678986,3.455722004,3.139266742,26.30160955
7.534226567,9.185554375,1.823051932,37.62123522
4.021350061,7.807795006,14.19745864,93.64009391
5.031676492,6.848952416,5.88914456,49.04312074
6.496330922,5.575574863,7.500637041,54.44144516
5.137698221,3.547998416,12.86213179,74.043743
11.63040832,3.789545386,10.71067347,64.11683335
8.161575457,7.528959151,1.591736666,31.49862562
10.15086292,9.078593822,6.163835054,57.39100959
6.486441451,5.450325748,14.44679884,88.78683096
2.395842882,7.250139734,4.911981236,46.98884815
3.445258542,5.937488183,13.6985626,86.0062572
10.20647005,6.085604749,0.978102449,22.44284515
15.35429037,12.05979021,14.16846696,107.3680511
7.595570336,5.647469681,12.08087565,78.31358447
4.000984322,6.220411048,1.401703053,24.91230288
8.889035644,10.57304798,8.385109457,74.15517071
7.50584761,9.477094996,5.010495157,54.42377169
6.936453774,4.107010474,0.535944046,15.6085368
3.9352602,3.375069336,3.154482787,25.18469207
6.342715872,6.65157483,3.70873768,38.5579083
8.703889081,6.433787705,7.01096264,55.01622899
12.14485957,9.401168831,7.839080826,66.98977092
12.79206739,11.62910618,14.14438281,105.8330181
6.877275415,10.98983659,6.422864043,65.64358498
4.168511883,9.909730937,10.77483346,82.74765124
10.33183265,12.12804224,3.506239747,53.12763282
11.48137588,7.059571545,4.169321251,41.14101993
4.472058742,8.990410887,6.695197647,59.47596147
8.532309218,5.260788676,14.93913036,91.25664107
11.69199932,8.802769548,9.632565692,73.80399675
6.973307878,5.991741799,10.01298234,68.6767688
3.549885879,3.249163436,14.90140122,83.85745299
2.31731661,6.007123768,0.153163908,19.52124719
10.43899795,5.962025343,8.001859601,57.04630529
11.15421267,7.801208407,12.72826526,86.05750823
10.43686086,8.07151098,0.140228062,24.06773544
10.97114923,8.565759534,14.48064651,97.10080944
5.059689267,8.973847787,3.493134691,43.4469218
11.90596044,13.3470107,1.955552596,49.20535426
3.816184499,10.36086647,0.257749121,31.74676638
3.934465042,6.672084107,1.720891712,27.90833883
14.14156337,7.19004273,9.227118668,68.70571187
10.59311817,9.415730171,1.068249877,32.66833814
3.635645017,12.29178362,3.246680101,52.63455382
11.51769529,7.122128106,0.106376436,21.03150315
11.97602108,5.153491137,8.488715022,57.34739709
5.351823655,10.52137289,4.659535711,54.05936398
8.089281035,9.442349128,10.11073365,79.8531602
9.586974849,7.613237647,6.212287988,53.73966623
9.448344513,1.424330293,11.98608086,64.1798308
8.863483682,11.16937101,1.699244246,42.5366166
12.10859789,4.36418244,14.32255173,84.26335469
12.98695995,12.47751382,5.862738954,67.15453472
12.99669793,2.956562706,6.186147073,40.21759178
2.862586887,6.322334343,4.588212678,42.18346642
7.960450221,7.750831622,0.5953492,27.22357844
8.026319591,5.541360932,11.56717964,75.44516753
12.33618484,5.745221812,2.208327424,28.04914416
11.54980446,2.431981218,8.133643485,47.11385523
2.990169213,5.235549587,9.667225159,64.19361999
4.060969326,9.851696011,1.358285438,35.55129138
3.55926139,12.58553737,9.566734046,85.18465166
12.59785014,5.176694898,0.467069231,17.89690517
6.853260934,8.801169917,9.948206048,76.68423571
8.779999738,9.255665038,8.106413786,68.90008524
13.48534881,10.58614335,9.654051166,80.82366806
8.539990562,4.902898869,4.373256321,37.34875855
7.524827083,10.70181165,4.160928575,53.85639378
7.652051102,5.30717246,2.607878732,29.94059225
2.539166766,7.59605875,4.334146198,45.02555022
5.180136807,8.777529843,7.793817666,64.40909186
14.70532664,9.079275787,4.825344426,52.20744213
5.308382361,8.176859043,0.563215209,26.51906188
10.23891822,8.840402874,10.51981741,78.39315999
7.065401008,3.742778908,7.491000639,49.38819278
3.486551258,6.879097313,2.313331767,31.86579305
5.463526018,7.520056551,5.792281443,50.79066352
5.199725157,3.996644786,2.884134108,25.5270215
7.077765272,7.899792265,6.727480933,58.05035086
8.301993752,6.50894168,2.064394069,30.75010537
7.218021528,7.228697719,2.195405159,33.46762077
10.27222858,5.039438501,3.247578717,30.60661367
6.527613602,4.946465328,3.818556079,34.17417803
5.820837407,10.39156335,14.9632553,105.5449158
7.585443868,11.67619667,5.711349663,64.54949822
13.3321986,8.169693686,8.899504166,69.69973594
12.12247732,9.19324618,4.228009158,48.29032564
10.94416816,11.84164447,4.338419405,56.21835143
8.844482196,6.36648148,14.75809955,93.43821351
1.910567115,6.202244498,3.517836798,37.13874856
8.511310303,7.830523973,7.303345693,60.79992764
8.822714649,4.624456147,0.331140821,16.09541674
8.881453743,6.795645843,6.528445226,53.54614802
4.875227949,8.45398262,8.792087991,68.33561681
14.61573317,7.040100505,1.315264158,28.5842784
8.113471267,8.178452856,12.8503237,89.75349811
7.028581247,11.29389052,8.09786769,75.04927282
9.451432664,9.014472368,11.34597562,83.74664364
9.292394011,1.919440417,12.76537991,69.71721842
6.432615537,10.97939729,11.17986069,88.98637007
6.678829299,9.80292212,11.17313436,85.65984067
10.61665604,12.95342323,4.467906129,60.27073499
15.15410029,3.673381017,11.28084149,67.95032709
4.590207602,10.1390815,10.19144572,80.38192797
15.38835192,8.955546877,3.708320987,45.72244318
3.852381506,11.60133333,5.019990893,59.25152265
9.449726495,7.513342221,1.30026367,29.01639907
5.654140593,7.841455918,13.28060279,89.33900911
3.525453249,2.884040493,6.651930259,41.53726988
9.095890886,3.564798975,2.317677101,22.60577239
10.70005354,6.102699391,14.04606146,87.58175486
6.210999934,6.98185557,4.688241176,44.31464989
10.02538346,8.84840655,14.78271817,99.8936684
9.129850484,8.913610975,11.52220242,84.64251551
5.171716411,6.861367882,13.59940312,87.68476835
9.430876309,10.73875112,13.7840515,101.1304126
12.03573747,6.2868047,2.217512044,29.4418948
8.034610802,8.004359607,5.985489024,54.9242548
9.080914348,3.732087569,10.80217259,65.54425271
8.58688401,7.474622584,13.21309834,89.2325952
4.632413813,7.626866355,5.710734303,50.43746689
4.972693193,5.967225357,4.252270767,38.19671818
2.877516867,7.49222954,6.313967114,54.3075414
9.3606274,8.088610785,5.226236849,50.46112317
12.49305714,6.758985408,14.91196956,94.76355619
7.342148911,6.903890925,13.48067199,88.98688108
3.203917067,4.210891521,14.0940864,83.04082249
1.206829499,5.048425008,14.95529582,90.8562462
12.61515714,1.700493112,11.55767775,62.93863524
12.00988056,4.083598088,0.016230921,11.80373975
5.452530683,8.647588081,3.624088024,43.32483136
12.02200065,8.322618002,0.576029823,27.33012389
10.52993739,10.34835227,5.927811281,59.79057742
7.331887555,6.306585379,6.240558949,50.98932765
9.104101871,6.63839274,1.595124329,28.20600812
4.753066004,9.139950014,7.579413492,64.3177447
7.716914202,7.38733547,14.52802117,95.79273323
3.035345908,7.700359883,14.81972535,97.30575336
10.22348069,6.663321572,9.753628201,68.04165405
7.691300791,5.587901138,0.102648283,18.26374146
6.091959324,3.035970392,3.04951597,24.16542835
8.115054182,5.756274645,8.396788792,60.21888159
14.03437005,4.822551681,13.84431633,84.68395772
11.28566701,7.374633232,8.399492807,63.16314637
2.726234673,9.388038121,2.230263687,39.7189503
4.151129237,3.022971888,12.11220066,68.78333368
7.132290364,2.743619298,12.18216048,69.89234973
13.91698474,10.54135218,13.80500104,101.6249194
10.97764447,10.4787933,14.44818448,102.677463
9.454034547,5.361894497,1.357456555,22.84371385
14.14294101,8.876960234,10.65328863,80.89730716
10.11708827,9.292334003,11.56514622,85.0644158
7.986291453,11.62587118,9.933738578,85.53756626
15.44188975,11.19091311,11.48586668,91.26501787
6.493522256,8.547999171,12.49923157,88.3489448
7.367373388,6.362499147,5.259027368,46.26655831
10.59185604,10.93419098,14.6499287,105.1326098
6.379539627,8.991701157,6.519740838,59.67001295
6.320663967,8.612765934,9.797881919,74.86517728
9.971421088,5.857377776,1.366770238,23.88616205
4.676008018,11.15841927,14.01530658,102.5524524
10.92202205,12.64123856,4.42241373,59.03848807
7.140614422,8.416356487,2.744166421,39.72606428
5.27504264,6.308215899,7.06291004,53.39335535
9.683718281,5.385904294,1.936723532,25.5852742
8.158477204,8.651006771,0.385955048,28.83679386
8.570085798,2.768211823,3.834485655,28.23143261
10.25019915,8.764206139,5.408137506,52.59847243
9.643368001,1.43743606,13.28299821,70.51044582
4.357536321,4.97918509,11.48770018,71.43835846
13.40225572,3.690481308,14.2575961,83.10131469
10.81076229,5.386675059,11.0605025,70.47956687
9.568925091,5.220023138,7.649499336,53.76391764
8.935669123,8.138222086,11.91820047,84.47550801
12.80774332,8.857443307,4.000716652,46.81494894
12.59689704,6.364766873,6.875750084,53.50357272
13.89867819,9.013488653,0.04481189,28.2362215
9.366778992,9.463578962,11.96457005,88.27155361
5.811568943,11.14544563,0.421216264,35.08809142
11.30481638,3.676625563,5.135569043,35.7551574
1.504479486,3.660688785,1.572603852,19.84288746
6.02148258,7.122720035,1.643098365,29.32492626
7.124875059,7.484845085,13.79189519,92.15978111
6.356487159,11.15519929,9.261691555,79.84729188
1.19199445,7.836353229,11.48207105,81.8485233
14.02744767,9.974543049,7.279410162,67.31466683
1.904140196,6.760423361,10.87718574,75.61215227
9.320683988,1.992208919,5.638797817,34.27452193
5.720368862,3.755422309,7.121206038,46.33872678
7.09704013,6.761788388,9.457315409,68.29888189
7.61730527,4.220453554,7.632325117,51.79510889
10.35212118,5.360248347,7.887154417,54.71648833
11.30479704,6.997100946,13.90946436,89.58605423
10.41348853,4.603128857,4.355772315,34.75293036
6.298123683,6.911500474,4.433962316,42.91925082
6.260824208,8.990330518,11.98983719,86.89781825
8.881166069,7.345108043,10.42939015,74.69950548
4.800140349,8.451070995,12.9161831,88.93797618
10.47797365,4.642758685,7.652431935,51.32142685
10.43052155,7.22915288,13.12276569,86.45672674
2.724101445,6.240067381,3.627721403,37.26427758
10.19842382,2.689656943,6.740859669,41.07452117
7.990643495,9.503972126,14.40645234,101.5348544
10.67450494,7.739640671,5.244301145,48.49152924
9.389667125,10.05162013,0.650678657,33.44335728
4.326895465,8.664998536,13.6332219,93.23449212
7.613716794,5.077672807,6.802171941,50.21515311
3.740783602,4.907319203,9.500394013,61.65995312
6.243744918,3.819696873,14.74681149,85.15371789
2.679218983,3.00118421,8.668307824,52.79116554
8.439164404,3.62339722,13.30321329,78.21986924
6.575589895,8.013331389,0.94738611,29.06518029
5.492874229,9.172254087,9.486619692,74.23928853
9.25657676,11.89757594,14.26003209,107.1602975
11.22706806,10.40260623,14.61741995,103.3215937
15.12944131,2.250152807,8.40777625,49.33612668
4.202879133,8.255653288,12.7161802,87.47487719
7.212033182,3.693534481,6.957904244,46.67105529
11.91373894,8.71922475,2.703531278,39.0680513
7.064817171,5.552447559,0.468355314,19.70355784
8.861005888,5.644630251,8.709796446,61.0172513
3.39566365,5.433793218,5.444155445,43.27081054
5.673189701,6.903110841,2.622665689,33.24979711
9.246569576,11.37260919,7.665269192,72.62144014
5.583820939,4.199234114,6.022355069,42.06574629
2.999498119,9.522203763,9.264993011,75.03319319
14.45961411,5.663104489,8.774459218,61.81007233
12.00609519,5.198636597,9.176835498,60.94866775
5.109771965,6.638417943,3.077106936,34.37871156
10.67286269,4.117748153,10.83133769,65.56155394
9.606551252,6.528060703,14.3217314,91.01206515
4.891637767,6.327026708,6.67108112,51.35250782
14.11223439,8.576441907,4.267860106,48.06831545
9.444937874,6.918160435,3.683307965,39.15086258
8.910359988,7.460265079,12.60303308,85.88798885
6.13623121,5.362774936,4.088300702,36.38340257
12.90647631,3.619498257,5.618563494,39.28489898
6.114507907,8.42267842,10.65880916,78.39420238
6.904301683,6.572920379,2.137422052,30.98781479
8.541936819,8.821579067,3.726105527,45.86781084
4.292472158,4.990766101,9.212254361,60.12044726
4.926721866,3.471156832,3.01909814,24.53184269
9.609752036,12.92146686,8.212393112,79.6424451
11.1105648,12.38040451,2.085602955,46.57583243
12.89665178,6.721930407,0.89125311,24.94636578
4.590478439,10.87106621,1.477485157,39.00804632
9.500713888,7.274545528,8.586092541,64.67823632
9.216612945,7.637883709,4.460124678,45.4209394
10.8963041,10.48418109,7.473682757,67.8258803
8.781284358,5.842710856,5.487397377,45.56511345
13.38892703,9.389836325,8.843477006,73.11978149
10.043225,7.268266907,10.2488031,72.46904568
10.03087016,5.635954592,10.673993,69.70816868
8.061490502,6.192883455,4.818634142,43.65036826
8.788711656,5.663453203,8.0417546,57.79316824
11.7805278,5.300269473,1.99390588,25.16291669
7.493283471,3.937435773,8.96448376,57.57037677
5.587101917,8.063115498,7.967431518,63.38528692
5.646829116,8.113124394,5.172280883,49.60650879
5.690031406,4.321020943,3.924577756,32.02697265
7.294432885,10.5246961,4.797679612,56.4099811
6.711144065,5.931829363,8.812276592,62.27188556
4.394967441,9.262573911,3.683262624,45.2539915
7.065214101,5.532814658,8.556007917,60.08320383
10.53295514,5.695082469,4.628925496,39.33498823
6.578490705,8.23171146,8.130402741,65.63818013
12.54918933,7.457504315,1.953481358,32.12273929
2.925180679,10.42672401,14.28752091,102.9325032
2.973725636,9.601451218,1.153028772,34.73657724
9.770066326,8.720101853,3.70202288,44.33195192
8.381730264,5.887713857,13.25102579,84.78221355
10.21332541,9.644021595,13.30740682,94.75976872
7.422075464,9.729136017,3.57405258,47.96584042
1.986846019,7.029314793,7.938235753,61.69381573
4.689534417,10.66495884,9.685422021,79.42224779
9.664563624,6.957482625,6.681532924,54.04261807
9.203268272,8.887844309,10.56164667,79.69146894
11.47377784,6.281224173,1.904952483,27.48061188
14.25744809,9.686611178,4.640375265,53.2544848
6.539274628,7.729859756,0.00427973,23.46427727
13.43680365,10.58570314,11.31863583,89.11489665
15.0516683,6.628493058,7.901785538,60.00459257
10.76524194,6.688414945,4.917759189,43.68045021
11.19910188,3.648161675,11.29213903,66.42582051
5.752095161,12.50873877,11.55377227,94.78860404
6.309758765,6.72907775,10.8788425,74.60801609
9.998560197,10.98634426,0.709424447,35.96334257
9.853542492,8.116428083,12.24495091,85.15829131
6.417069825,4.124508036,3.254040423,28.77721112
8.501379184,6.158794959,14.85285574,93.53831965
3.664597413,7.921322869,2.583077611,36.17987119
12.56899957,6.260224791,6.267234944,50.11947805
12.80971605,7.652805215,0.383058218,25.11465758
9.111242547,8.481182339,13.20493494,91.77664533
4.532868053,3.920719882,13.45676555,78.06205805
12.16307534,3.17652483,10.00850195,59.17963288
3.116352739,3.865552522,11.63802428,69.81201619
12.07083003,4.602820868,6.539723799,46.03157432
11.51025595,8.370602347,6.459616487,56.53944001
7.000079321,3.283605922,11.50524891,68.03410873
10.2697822,6.799263569,3.195370047,35.62666702
6.074018756,7.82813825,2.04124612,33.48300066
4.01754035,8.556597543,3.461247198,42.20787799
13.3670286,5.953889795,11.57724659,76.4657167
4.543005242,4.617657436,3.2619985,29.17727597
6.570709922,7.104243961,5.792042386,50.55652314
9.545804737,3.867676524,7.278874317,47.87666962
7.144180447,11.72952802,12.65232259,99.20868848
4.338415024,10.18239241,3.381661945,46.52460402
5.705153105,8.404047263,11.22901509,80.81084035
3.704168189,5.369602473,3.333763442,32.24425806
9.396181365,9.896408302,5.936979941,59.40271731
11.75921269,6.955456713,9.584725407,68.06767253
